Year,Country,Happiness Rank,Happiness Score,Economy (GDP per Capita),Family,Health (Life Expectancy),Freedom,Trust (Government Corruption),Generosity,Population Estimate,Region
2016,France,32,6.478,6.559,1.39488,1.00508,0.83795,0.46562,0.17808,74264176,Europe & Central Asia
2018,Venezuela,102,4.806,0.996,1.469,0.657,0.133,0.052,0.056,29174393,Latin America & Caribbean
2019,Costa Rica,12,7.167,1.034,1.441,0.963,0.558,0.093,0.144,4657652,Latin America & Caribbean
2019,Bolivia,61,5.779,0.776,1.209,0.706,0.511,0.064,0.137,10286729,Latin America & Caribbean
2016,Nicaragua,48,5.992,6.107,0.69384,0.89521,0.65213,0.46582,0.16292,5994622,Latin America & Caribbean
2015,Turkey,76,5.332,1.06098,0.94632,0.73172,0.22815,0.15746,0.12253,80863863,Europe & Central Asia
2016,Switzerland,2,7.509,7.59,1.52733,1.14524,0.86303,0.58557,0.41203,8827248,Europe & Central Asia
2016,Egypt,120,4.362,4.465,0.95395,0.49813,0.52116,0.18847,0.10393,85652153,Middle East & North Africa
2018,Belize,49,5.956,0.807,1.101,0.474,0.593,0.089,0.183,307822,Latin America & Caribbean
2019,Hong Kong,76,5.43,1.438,1.277,1.122,0.44,0.287,0.258,8378754,East Asia & Pacific
2015,Iran,110,4.686,1.0088,0.54447,0.69805,0.30033,0.05863,0.38086,75992499,Middle East & North Africa
2016,Haiti,136,4.028,4.163,0.34097,0.29561,0.27494,0.12072,0.14476,9279218,Latin America & Caribbean
2016,Bulgaria,129,4.217,4.33,1.11306,0.92542,0.67806,0.21219,0.00615,9497255,Europe & Central Asia
2016,China,83,5.245,5.291,1.0278,0.79381,0.73561,0.44012,0.02745,1533756997,East Asia & Pacific
2017,Belize,50,5.95599985122681,5.71475738465786,0.907975316047668,1.08141779899597,0.450191766023636,0.547509372234344,0.240015640854836,304473,Latin America & Caribbean
2015,Ireland,18,6.94,1.33596,1.36948,0.89533,0.61777,0.28703,0.45901,4553908,Europe & Central Asia
2018,France,23,6.489,1.293,1.466,0.908,0.52,0.176,0.098,75921989,Europe & Central Asia
2015,Germany,26,6.75,1.32792,1.29937,0.89186,0.61477,0.21843,0.28214,98709794,Europe & Central Asia
2015,Argentina,30,6.574,1.05351,1.24823,0.78723,0.44974,0.08484,0.11451,44841491,Latin America & Caribbean
2015,Finland,6,7.406,1.29025,1.31826,0.88911,0.64169,0.41372,0.23351,6207606,Europe & Central Asia
2019,Norway,3,7.554,1.488,1.582,1.028,0.603,0.341,0.271,5639054,Europe & Central Asia
2018,Uruguay,31,6.379,1.093,1.459,0.771,0.625,0.155,0.13,4132813,Latin America & Caribbean
2015,South Africa,113,4.642,0.92049,1.18468,0.27688,0.33207,0.08884,0.11973,54123019,Sub-Saharan Africa
2016,Ecuador,51,5.976,6.072,0.97306,0.85974,0.68613,0.4027,0.18037,15118367,Latin America & Caribbean
2016,Belize,52,5.956,6.202,0.87616,0.68655,0.45569,0.51231,0.10771,301101,Latin America & Caribbean
2018,Dominican Republic,83,5.302,0.982,1.441,0.614,0.578,0.106,0.12,10443814,Latin America & Caribbean
2016,Portugal,94,5.123,5.216,1.27607,0.94367,0.79363,0.44727,0.01521,12554822,Europe & Central Asia
2015,Poland,60,5.791,1.12555,1.27948,0.77903,0.53122,0.04212,0.16759,46424642,Europe & Central Asia
2018,Netherlands,6,7.441,1.361,1.488,0.878,0.638,0.295,0.333,19754903,Europe & Central Asia
2019,Liberia,141,3.975,0.073,0.922,0.443,0.37,0.033,0.233,3382876,Sub-Saharan Africa
2019,Egypt,137,4.166,0.913,1.039,0.644,0.241,0.067,0.076,88509876,Middle East & North Africa
2016,Uruguay,29,6.545,6.634,1.18157,1.03143,0.72183,0.54388,0.21394,4042571,Latin America & Caribbean
2015,Costa Rica,12,7.226,0.95578,1.23788,0.86027,0.63376,0.10583,0.25497,4456468,Latin America & Caribbean
2019,Turkey,79,5.373,1.183,1.36,0.808,0.195,0.106,0.083,84514431,Europe & Central Asia
2017,Nicaragua,43,6.07100009918213,5.95541659802198,0.737299203872681,1.28721570968628,0.653095960617065,0.447551846504211,0.301674216985703,6061761,Latin America & Caribbean
2016,Colombia,31,6.481,6.578,1.03032,1.02169,0.59659,0.44735,0.05399,48366401,Latin America & Caribbean
2015,Haiti,119,4.518,0.26673,0.74302,0.38847,0.24425,0.17175,0.46187,9174628,Latin America & Caribbean
2018,Guatemala,30,6.382,0.781,1.268,0.608,0.604,0.071,0.179,13765720,Latin America & Caribbean
2017,Argentina,24,6.59899997711182,6.50791486814618,1.18529546260834,1.44045114517212,0.695137083530426,0.494519203901291,0.109457060694695,45860633,Latin America & Caribbean
2015,Morocco,92,5.013,0.73479,0.64095,0.60954,0.41691,0.08546,0.07172,36251756,Middle East & North Africa
2019,Russia,68,5.648,1.183,1.452,0.726,0.334,0.031,0.082,184157087,Europe & Central Asia
2015,Panama,25,6.786,1.06353,1.1985,0.79661,0.5421,0.0927,0.24434,3482967,Latin America & Caribbean
2018,Japan,54,5.915,1.294,1.462,0.988,0.553,0.15,0.079,156693351,East Asia & Pacific
2015,Hungary,104,4.8,1.12094,1.20215,0.75905,0.32112,0.02758,0.128,12175329,Europe & Central Asia
2017,Jordan,74,5.33599996566772,5.22358990892768,0.991012394428253,1.23908889293671,0.604590058326721,0.418421149253845,0.172170460224152,6139837,Middle East & North Africa
2017,Romania,57,5.82499980926514,5.73030546173453,1.21768391132355,1.15009129047394,0.685158312320709,0.457003742456436,0.133519917726517,27578183,Europe & Central Asia
2019,Greece,82,5.287,1.181,1.156,0.999,0.067,0.034,0,13254267,Europe & Central Asia
2017,Liberia,148,3.53299999237061,3.41224372386932,0.119041793048382,0.872117936611176,0.229918196797371,0.332881182432175,0.26654988527298,3310319,Sub-Saharan Africa
2019,South Africa,106,4.722,0.96,1.351,0.469,0.389,0.055,0.13,56566382,Sub-Saharan Africa
2018,Spain,36,6.31,1.251,1.538,0.965,0.449,0.074,0.142,49693319,Europe & Central Asia
2016,Finland,5,7.413,7.475,1.40598,1.13464,0.81091,0.57104,0.41004,6278372,Europe & Central Asia
2017,Russia,49,5.96299982070923,5.89572473391891,1.28177809715271,1.46928238868713,0.547349333763123,0.373783111572266,0.05226382240653,180207164,Europe & Central Asia
2017,Sweden,9,7.28399991989136,7.22390496239066,1.49438726902008,1.47816216945648,0.830875158309937,0.612924098968506,0.385399252176285,10897665,Europe & Central Asia
2015,Suriname,40,6.269,0.99534,0.972,0.6082,0.59657,0.13633,0.16991,518834,Latin America & Caribbean
2018,Denmark,3,7.555,1.351,1.59,0.868,0.683,0.408,0.284,6628175,Europe & Central Asia
2019,Panama,31,6.321,1.149,1.442,0.91,0.516,0.054,0.109,3640202,Latin America & Caribbean
2019,Syria,149,3.462,0.619,0.378,0.44,0.013,0.141,0.331,20467598,Middle East & North Africa
2016,Hong Kong,75,5.458,5.554,1.5107,0.87021,0.95277,0.48079,0.31647,8108230,East Asia & Pacific
2018,Mexico,24,6.488,1.038,1.252,0.761,0.479,0.095,0.069,124092257,Latin America & Caribbean
2019,Finland,1,7.769,1.34,1.587,0.986,0.596,0.393,0.153,6487844,Europe & Central Asia
2016,Ethiopia,115,4.508,4.591,0.29283,0.37932,0.34578,0.36703,0.1717,77942340,Sub-Saharan Africa
2015,Bolivia,51,5.89,0.68133,0.97841,0.5392,0.57414,0.088,0.20536,9842399,Latin America & Caribbean
2018,Turkey,74,5.483,1.148,1.38,0.686,0.324,0.109,0.106,83611428,Europe & Central Asia
2015,Brazil,16,6.983,0.98124,1.23287,0.69702,0.49049,0.17521,0.14574,211764866,Latin America & Caribbean
2018,Israel,19,6.814,1.301,1.559,0.883,0.533,0.272,0.354,7593807,Middle East & North Africa
2019,Argentina,47,6.086,1.092,1.432,0.881,0.471,0.05,0.066,46865842,Latin America & Caribbean
2019,Mexico,23,6.595,1.07,1.323,0.861,0.433,0.073,0.074,125432453,Latin America & Caribbean
2017,Iran,108,4.69199991226196,4.58577511683106,1.15687310695648,0.711551249027252,0.639333188533783,0.249322608113289,0.387242913246155,77719631,Middle East & North Africa
2018,Colombia,37,6.26,0.96,1.439,0.635,0.531,0.039,0.099,49446093,Latin America & Caribbean
2016,India,118,4.404,4.457,0.74036,0.29247,0.45091,0.40285,0.08722,1219727006,South Asia
2017,Norway,1,7.53700017929077,7.47955553799868,1.61646318435669,1.53352355957031,0.796666502952576,0.635422587394714,0.36201223731041,5518104,Europe & Central Asia
2015,Mexico,14,7.187,1.02054,0.91451,0.81444,0.48181,0.21312,0.14074,120014445,Latin America & Caribbean
2016,Dominican Republic,89,5.155,5.273,1.02787,0.99496,0.57669,0.52259,0.12372,10215766,Latin America & Caribbean
2017,China,79,5.27299976348877,5.2267214372009,1.08116579055786,1.16083741188049,0.741415500640869,0.472787708044052,0.028806841000915,1550935075,East Asia & Pacific
2015,Russia,64,5.716,1.13764,1.23617,0.66926,0.36679,0.03005,0.00199,176202491,Europe & Central Asia
2017,Belgium,17,6.89099979400635,6.82617883756757,1.46378076076508,1.46231269836426,0.818091869354248,0.539770722389221,0.231503337621689,12607022,Europe & Central Asia
2019,United Kingdom,15,7.054,1.333,1.538,0.996,0.45,0.278,0.348,74715311,Europe & Central Asia
2015,India,117,4.565,0.64499,0.38174,0.51529,0.39786,0.08492,0.26475,1205978848,South Asia
2017,Peru,63,5.71500015258789,5.61805352658033,1.03522527217865,1.21877038478851,0.630166113376617,0.450002878904343,0.126819714903831,32043237,Latin America & Caribbean
2015,Israel,11,7.278,1.22857,1.22393,0.91387,0.41319,0.07785,0.33172,7344267,Middle East & North Africa
2015,Venezuela,23,6.81,1.04424,1.25596,0.72052,0.42908,0.11069,0.05841,28215691,Latin America & Caribbean
2018,India,133,4.19,0.721,0.747,0.485,0.539,0.093,0.172,1246955215,South Asia
2019,Brazil,32,6.3,1.004,1.439,0.802,0.39,0.086,0.099,221324913,Latin America & Caribbean
2016,Chile,24,6.705,6.795,1.2167,0.90587,0.81883,0.37789,0.11451,18410250,Latin America & Caribbean
2015,China,84,5.14,0.89012,0.94675,0.81658,0.51697,0.02781,0.08185,1516469248,East Asia & Pacific
2017,Haiti,145,3.6029999256134,3.47128505349159,0.368610262870789,0.640449821949005,0.277321130037308,0.03036985732615,0.489203780889511,9383145,Latin America & Caribbean
2017,Ecuador,44,6.00799989700317,5.91015211865306,1.00082039833069,1.28616881370544,0.685636222362518,0.4551981985569,0.150112465023994,15287692,Latin America & Caribbean
2018,Australia,10,7.272,1.34,1.573,0.91,0.647,0.302,0.361,23660650,East Asia & Pacific
2018,Finland,1,7.632,1.305,1.592,0.874,0.681,0.393,0.202,6418524,Europe & Central Asia
2019,Philippines,69,5.631,0.807,1.293,0.657,0.558,0.107,0.117,101953555,East Asia & Pacific
2015,Chile,27,6.67,1.10715,1.12447,0.85857,0.44132,0.12869,0.33363,18202739,Latin America & Caribbean
2019,Australia,11,7.228,1.372,1.548,1.036,0.557,0.29,0.332,23916185,East Asia & Pacific
2019,Portugal,66,5.693,1.221,1.431,0.999,0.508,0.025,0.047,12973703,Europe & Central Asia
2015,Philippines,90,5.073,0.70532,1.03516,0.58114,0.62545,0.12279,0.24991,97549711,East Asia & Pacific
2015,Taiwan,38,6.298,1.29098,1.07617,0.8753,0.3974,0.08129,0.25376,26784070,East Asia & Pacific
2018,Paraguay,64,5.681,0.835,1.522,0.615,0.541,0.074,0.162,6944325,Latin America & Caribbean
2019,Ireland,16,7.021,1.499,1.553,0.999,0.516,0.31,0.298,4759491,Europe & Central Asia
2018,El Salvador,40,6.167,0.806,1.231,0.639,0.461,0.082,0.065,7607466,Latin America & Caribbean
2017,Vietnam,94,5.07399988174438,5.000718998909,0.788547575473785,1.27749133110046,0.652168989181519,0.571055591106415,0.234968051314354,97111662,East Asia & Pacific
2016,Peru,64,5.743,5.839,0.99602,0.81255,0.62994,0.37502,0.05292,31688328,Latin America & Caribbean
2016,Vietnam,96,5.061,5.131,0.74037,0.79117,0.66157,0.55954,0.11556,96036059,East Asia & Pacific
2016,Russia,56,5.856,5.923,1.23228,1.05261,0.58991,0.32682,0.03586,178211199,Europe & Central Asia
2018,Portugal,77,5.41,1.188,1.429,0.884,0.562,0.017,0.055,12835085,Europe & Central Asia
2019,Japan,58,5.886,1.327,1.419,1.088,0.445,0.14,0.069,158385639,East Asia & Pacific
2019,Italy,36,6.223,1.294,1.488,1.039,0.231,0.03,0.158,72451940,Europe & Central Asia
2018,Peru,65,5.663,0.934,1.249,0.674,0.53,0.034,0.092,32395712,Latin America & Caribbean
2016,Jamaica,73,5.51,5.705,0.89333,0.96372,0.59469,0.43597,0.04294,3177045,Latin America & Caribbean
2017,Denmark,2,7.52199983596802,7.46227160707116,1.48238301277161,1.55112159252167,0.792565524578094,0.626006722450256,0.355280488729477,6556059,Europe & Central Asia
2018,Sweden,9,7.314,1.355,1.501,0.913,0.659,0.383,0.285,11017539,Europe & Central Asia
2015,Honduras,105,4.788,0.59532,0.95348,0.6951,0.40148,0.06825,0.23027,7623692,Latin America & Caribbean
2018,Russia,59,5.81,1.151,1.479,0.599,0.399,0.025,0.065,182189442,Europe & Central Asia
2015,Denmark,3,7.527,1.32548,1.36058,0.87464,0.64938,0.48357,0.34139,6410367,Europe & Central Asia
2016,Guatemala,39,6.324,6.435,0.83454,0.87119,0.54039,0.50379,0.08701,13465136,Latin America & Caribbean
2019,Spain,30,6.354,1.286,1.484,1.062,0.362,0.079,0.153,50230006,Europe & Central Asia
2016,Liberia,150,3.622,3.781,0.10706,0.50353,0.23165,0.25748,0.04852,3273655,Sub-Saharan Africa
2018,Jamaica,56,5.89,0.819,1.493,0.693,0.575,0.031,0.096,3247965,Latin America & Caribbean
2018,Morocco,85,5.254,0.779,0.797,0.669,0.46,0.074,0.026,37483506,Middle East & North Africa
2015,France,29,6.575,1.27778,1.26038,0.94579,0.55011,0.20646,0.12332,73427107,Europe & Central Asia
2019,Dominican Republic,77,5.425,1.015,1.401,0.779,0.497,0.101,0.113,10556607,Latin America & Caribbean
2016,Brazil,17,6.952,7.029,1.08754,1.03938,0.61415,0.40425,0.14166,214178985,Latin America & Caribbean
2018,Austria,12,7.139,1.341,1.504,0.891,0.617,0.224,0.242,10075501,Europe & Central Asia
2018,Norway,2,7.594,1.456,1.582,0.861,0.686,0.34,0.286,5578803,Europe & Central Asia
2015,Portugal,88,5.102,1.15991,1.13935,0.87519,0.51469,0.01078,0.13719,12413311,Europe & Central Asia
2018,Greece,79,5.358,1.154,1.202,0.879,0.131,0.044,0,13112651,Europe & Central Asia
2017,Colombia,36,6.35699987411499,6.26197969406843,1.07062232494354,1.4021829366684,0.595027923583984,0.477487415075302,0.149014472961426,48908104,Latin America & Caribbean
2016,Mexico,21,6.778,6.876,1.11508,0.7146,0.71143,0.37709,0.18355,121382609,Latin America & Caribbean
2019,Jordan,101,4.906,0.837,1.225,0.815,0.383,0.13,0.11,6274414,Middle East & North Africa
2019,Taiwan,25,6.446,1.368,1.43,0.914,0.351,0.097,0.242,27993225,East Asia & Pacific
2019,Nicaragua,45,6.105,0.694,1.325,0.835,0.435,0.127,0.2,6194627,Latin America & Caribbean
2016,Israel,11,7.267,7.335,1.33766,0.99537,0.84917,0.36432,0.08728,7427991,Middle East & North Africa
2016,United Kingdom,23,6.725,6.803,1.40283,1.08672,0.80991,0.50036,0.27399,72302975,Europe & Central Asia
2018,China,86,5.246,0.989,1.142,0.799,0.597,0.103,0.029,1567995360,East Asia & Pacific
2016,Argentina,26,6.65,6.74,1.15137,1.06612,0.69711,0.42284,0.07296,45352683,Latin America & Caribbean
2016,Netherlands,7,7.339,7.394,1.46468,1.02912,0.81231,0.55211,0.29927,19323541,Europe & Central Asia
2015,Sweden,8,7.364,1.33171,1.28907,0.91087,0.6598,0.43844,0.36262,10655492,Europe & Central Asia
2019,Jamaica,56,5.89,0.831,1.478,0.831,0.49,0.028,0.107,3283043,Latin America & Caribbean
2016,Iran,105,4.813,4.923,1.11758,0.38857,0.64232,0.22544,0.0557,76858813,Middle East & North Africa
2017,Spain,34,6.40299987792969,6.33494491055608,1.38439786434174,1.53209090232849,0.888960599899292,0.408781230449677,0.190133571624756,49152640,Europe & Central Asia
2018,Hong Kong,76,5.43,1.405,1.29,1.03,0.524,0.291,0.246,8289231,East Asia & Pacific
2017,Portugal,89,5.19500017166138,5.10495861023665,1.3151752948761,1.36704301834106,0.795843541622162,0.498465299606323,0.095102712512016,12695436,Europe & Central Asia
2018,Romania,52,5.945,1.116,1.219,0.726,0.528,0.001,0.088,27881543,Europe & Central Asia
2017,Paraguay,70,5.49300003051758,5.40861879140139,0.932537317276001,1.50728487968445,0.579250693321228,0.473507791757584,0.224150657653809,6868769,Latin America & Caribbean
2017,Italy,48,5.96400022506714,5.88526354417205,1.39506661891937,1.44492328166962,0.853144347667694,0.256450712680817,0.17278964817524,70897943,Europe & Central Asia
2015,Italy,50,5.948,1.25114,1.19777,0.95446,0.26236,0.02901,0.22823,69322406,Europe & Central Asia
2017,Netherlands,6,7.3769998550415,7.32657386884093,1.50394463539124,1.42893922328949,0.810696125030518,0.585384488105774,0.470489829778671,19539964,Europe & Central Asia
2016,Paraguay,70,5.538,5.623,0.89373,1.11111,0.58295,0.46235,0.07396,6792691,Latin America & Caribbean
2017,Dominican Republic,86,5.23000001907349,5.11093915298581,1.07937383651733,1.40241670608521,0.574873745441437,0.55258983373642,0.186967849731445,10330182,Latin America & Caribbean
2019,Romania,48,6.07,1.162,1.232,0.825,0.462,0.005,0.083,28182663,Europe & Central Asia
2017,Egypt,104,4.7350001335144,4.64486647740006,0.989701807498932,0.997471392154694,0.520187258720398,0.282110154628754,0.128631442785263,86611457,Middle East & North Africa
2018,Switzerland,5,7.487,1.42,1.549,0.927,0.66,0.357,0.256,9024300,Europe & Central Asia
2016,Morocco,90,5.151,5.244,0.84058,0.38595,0.59471,0.25646,0.08404,36665026,Middle East & North Africa
2017,Austria,13,7.00600004196167,6.94133027181029,1.48709726333618,1.4599449634552,0.815328419208527,0.567766189575195,0.316472321748734,9965877,Europe & Central Asia
2017,El Salvador,45,6.00299978256226,5.89736444279552,0.909784495830536,1.18212509155273,0.596018552780151,0.432452529668808,0.078257985413075,7524695,Latin America & Caribbean
2015,Jamaica,65,5.709,0.81038,1.15102,0.68741,0.50442,0.02299,0.2123,3141235,Latin America & Caribbean
2018,Haiti,148,3.582,0.315,0.714,0.289,0.025,0.104,0.392,9486359,Latin America & Caribbean
2016,Greece,99,5.033,5.131,1.24886,0.75473,0.80029,0.05822,0.04127,12826328,Europe & Central Asia
2016,Suriname,40,6.269,6.465,1.09686,0.77866,0.50933,0.52234,0.12692,524748,Latin America & Caribbean
2015,Greece,102,4.857,1.15406,0.92933,0.88213,0.07699,0.01397,0,12681756,Europe & Central Asia
2018,Bulgaria,100,4.933,1.054,1.515,0.712,0.359,0.009,0.064,9709263,Europe & Central Asia
2017,Costa Rica,12,7.0789999961853,6.98988832607865,1.10970628261566,1.41640365123749,0.759509265422821,0.580131649971008,0.214613229036331,4557752,Latin America & Caribbean
2017,Ireland,15,6.97700023651123,6.91064880549908,1.53570663928986,1.55823111534119,0.80978262424469,0.573110342025757,0.42785832285881,4657407,Europe & Central Asia
2018,Poland,42,6.123,1.176,1.448,0.781,0.546,0.064,0.108,48002042,Europe & Central Asia
2016,Ireland,19,6.907,6.978,1.48341,1.16157,0.81455,0.54008,0.29754,4605822,Europe & Central Asia
2019,Iran,117,4.548,1.1,0.842,0.785,0.305,0.125,0.27,79423151,Middle East & North Africa
2017,Germany,16,6.95100021362305,6.89661885797977,1.48792338371277,1.47252035140991,0.798950731754303,0.562511384487152,0.336269170045853,100953237,Europe & Central Asia
2018,Nicaragua,41,6.141,0.668,1.319,0.7,0.527,0.128,0.208,6128440,Latin America & Caribbean
2015,Switzerland,1,7.587,1.39651,1.34951,0.94143,0.66557,0.41978,0.29678,8727752,Europe & Central Asia
2015,Paraguay,53,5.878,0.75985,1.30477,0.66098,0.53899,0.08242,0.3424,6716128,Latin America & Caribbean
2018,Jordan,90,5.161,0.822,1.265,0.645,0.468,0.134,0.13,6207375,Middle East & North Africa
2018,Honduras,72,5.504,0.62,1.205,0.622,0.459,0.074,0.197,7882726,Latin America & Caribbean
2017,Morocco,84,5.2350001335144,5.15165930226445,0.878114581108093,0.774864435195923,0.59771066904068,0.408158332109451,0.03220995515585,37075674,Middle East & North Africa
2015,Egypt,135,4.194,0.8818,0.747,0.61712,0.17288,0.06324,0.11291,84686725,Middle East & North Africa
2015,Vietnam,75,5.36,0.63216,0.91226,0.74676,0.59444,0.10441,0.1686,94953589,East Asia & Pacific
2016,Costa Rica,14,7.087,7.175,1.06879,1.02152,0.76146,0.55225,0.10547,4507271,Latin America & Caribbean
2018,Syria,150,3.462,0.689,0.382,0.539,0.088,0.144,0.376,20248910,Middle East & North Africa
2019,Colombia,43,6.125,0.985,1.41,0.841,0.47,0.034,0.099,49980110,Latin America & Caribbean
2019,Vietnam,94,5.175,0.741,1.346,0.851,0.543,0.073,0.147,99240232,East Asia & Pacific
2017,Chile,20,6.65199995040894,6.56474934071302,1.25278460979462,1.28402495384216,0.819479703903198,0.376895278692245,0.326662421226501,18616444,Latin America & Caribbean
2015,Austria,13,7.2,1.33723,1.29704,0.89042,0.62433,0.18676,0.33088,9744410,Europe & Central Asia
2016,Hungary,91,5.145,5.234,1.24142,0.93164,0.67608,0.1977,0.04472,12314127,Europe & Central Asia
2015,Nicaragua,57,5.828,0.59325,1.14184,0.74314,0.55475,0.19317,0.27815,5927054,Latin America & Caribbean
2019,El Salvador,35,6.253,0.794,1.242,0.789,0.43,0.074,0.093,7689626,Latin America & Caribbean
2018,Bolivia,62,5.752,0.751,1.223,0.508,0.606,0.054,0.141,10176820,Latin America & Caribbean
2016,Honduras,104,4.871,4.992,0.69429,0.75596,0.58383,0.26755,0.06906,7710602,Latin America & Caribbean
2015,El Salvador,42,6.13,0.76454,1.02507,0.67737,0.4035,0.11776,0.10692,7357477,Latin America & Caribbean
2015,United Kingdom,21,6.867,1.26637,1.28548,0.90943,0.59625,0.32067,0.51912,71488012,Europe & Central Asia
2016,Philippines,82,5.279,5.398,0.81217,0.87877,0.47036,0.54854,0.11757,98661777,East Asia & Pacific
2018,Ireland,14,6.977,1.448,1.583,0.876,0.614,0.306,0.307,4708638,Europe & Central Asia
2015,Hong Kong,72,5.474,1.38604,1.05818,1.01328,0.59608,0.37124,0.39478,8016839,East Asia & Pacific
2015,Japan,46,5.987,1.27074,1.25712,0.99111,0.49615,0.1806,0.10705,151544230,East Asia & Pacific
2017,Syria,152,3.46199989318848,3.26033122956753,0.777153134346008,0.396102607250214,0.50053334236145,0.081539444625378,0.493663728237152,20028596,Middle East & North Africa
2015,Belgium,19,6.937,1.30782,1.28566,0.89667,0.5845,0.2254,0.2225,12326862,Europe & Central Asia
2016,Australia,9,7.313,7.385,1.44443,1.10476,0.8512,0.56837,0.32331,23144003,East Asia & Pacific
2019,Haiti,147,3.597,0.323,0.688,0.449,0.026,0.11,0.419,9588811,Latin America & Caribbean
2017,Japan,51,5.92000007629395,5.84928070798516,1.41691517829895,1.43633782863617,0.913475871086121,0.505625545978546,0.12057276815176,154988478,East Asia & Pacific
2018,Ethiopia,127,4.35,0.308,0.95,0.391,0.452,0.146,0.22,79682262,Sub-Saharan Africa
2017,Poland,46,5.97300004959106,5.89209175795317,1.29178786277771,1.44571197032928,0.699475347995758,0.520342111587524,0.158465966582298,47479765,Europe & Central Asia
2019,Denmark,2,7.6,1.383,1.573,0.996,0.592,0.41,0.252,6699759,Europe & Central Asia
2016,Bolivia,59,5.822,5.904,0.79422,0.83779,0.4697,0.50961,0.07746,9954602,Latin America & Caribbean
2016,Venezuela,44,6.084,6.195,1.13367,1.03302,0.61904,0.19847,0.08304,28537349,Latin America & Caribbean
2018,Egypt,122,4.419,0.885,1.025,0.553,0.312,0.107,0.092,87564183,Middle East & North Africa
2019,Germany,17,6.985,1.373,1.454,0.987,0.495,0.265,0.261,103166010,Europe & Central Asia
2018,Liberia,149,3.495,0.076,0.858,0.267,0.419,0.03,0.206,3346732,Sub-Saharan Africa
2017,Guatemala,29,6.4539999961853,6.34112601965666,0.872001945972443,1.25558519363403,0.540239989757538,0.531310617923737,0.283488392829895,13615945,Latin America & Caribbean
2019,Bulgaria,97,5.011,1.092,1.513,0.815,0.311,0.004,0.081,9814123,Europe & Central Asia
2019,Honduras,59,5.86,0.642,1.236,0.828,0.507,0.078,0.246,7967859,Latin America & Caribbean
2015,Ecuador,48,5.975,0.86402,0.99903,0.79075,0.48574,0.1809,0.11541,14947961,Latin America & Caribbean
2015,Norway,4,7.522,1.459,1.33095,0.88521,0.66973,0.36503,0.34699,5395478,Europe & Central Asia
2019,Sweden,7,7.343,1.387,1.487,1.009,0.574,0.373,0.267,11136528,Europe & Central Asia
2017,Jamaica,76,5.31099987030029,5.04060101211071,0.925579309463501,1.36821806430817,0.641022384166718,0.474307239055634,0.233818337321281,3212627,Latin America & Caribbean
2019,New Zealand,8,7.307,1.303,1.557,1.026,0.585,0.38,0.33,4772434,East Asia & Pacific
2017,India,122,4.31500005722046,4.25847809694707,0.792221248149872,0.754372596740723,0.455427616834641,0.469987004995346,0.231538489460945,1233387948,South Asia
2015,Ethiopia,122,4.512,0.19073,0.60406,0.44055,0.4345,0.15048,0.24325,77063813,Sub-Saharan Africa
2018,South Africa,105,4.724,0.94,1.41,0.33,0.516,0.056,0.103,55961993,Sub-Saharan Africa
2015,New Zealand,9,7.286,1.25018,1.31967,0.90837,0.63938,0.42922,0.47501,4566293,East Asia & Pacific
2017,Uruguay,28,6.4539999961853,6.36209377467632,1.21755969524384,1.41222786903381,0.719216823577881,0.57939225435257,0.175096929073334,4087847,Latin America & Caribbean
2015,Dominican Republic,98,4.885,0.89537,1.17202,0.66825,0.57672,0.14234,0.21684,10100619,Latin America & Caribbean
2016,Taiwan,34,6.379,6.453,1.39729,0.92624,0.79565,0.32377,0.0663,27089408,East Asia & Pacific
2015,Syria,156,3.006,0.6632,0.47489,0.72193,0.15684,0.18906,0.47179,19583509,Middle East & North Africa
2015,Jordan,82,5.192,0.90198,1.05392,0.69639,0.40661,0.14293,0.11053,6003395,Middle East & North Africa
2019,France,24,6.592,1.324,1.472,1.045,0.436,0.183,0.111,76741946,Europe & Central Asia
2019,Belgium,18,6.923,1.356,1.504,0.986,0.473,0.21,0.16,12883352,Europe & Central Asia
2017,Bolivia,58,5.82299995422363,5.74202300593257,0.833756566047668,1.22761905193329,0.473630249500275,0.558732926845551,0.22556072473526,10066093,Latin America & Caribbean
2016,Germany,16,6.994,7.058,1.44787,1.09774,0.81487,0.53466,0.28551,99835085,Europe & Central Asia
2017,South Africa,101,4.8289999961853,4.72856480464339,1.05469870567322,1.38478863239288,0.187080070376396,0.479246735572815,0.139362379908562,55353109,Sub-Saharan Africa
2018,Vietnam,95,5.103,0.715,1.365,0.702,0.618,0.079,0.177,98179890,East Asia & Pacific
2016,Panama,25,6.701,6.801,1.18306,0.98912,0.70835,0.48927,0.08423,3522672,Latin America & Caribbean
2016,Poland,57,5.835,5.921,1.24585,1.04685,0.69058,0.4519,0.055,46953882,Europe & Central Asia
2015,Peru,58,5.824,0.90019,0.97459,0.73017,0.41496,0.05989,0.14982,31331153,Latin America & Caribbean
2019,Ecuador,50,6.028,0.912,1.312,0.868,0.498,0.087,0.126,15622779,Latin America & Caribbean
2017,Honduras,91,5.18100023269653,5.0604176685214,0.730573117733002,1.14394497871399,0.582569479942322,0.348079860210419,0.236188873648643,7796960,Latin America & Caribbean
2019,Paraguay,63,5.743,0.855,1.475,0.777,0.514,0.08,0.184,7019323,Latin America & Caribbean
2018,Germany,15,6.965,1.34,1.474,0.861,0.586,0.28,0.273,102063722,Europe & Central Asia
2016,El Salvador,46,6.068,6.169,0.8737,0.80975,0.596,0.37269,0.10613,7441352,Latin America & Caribbean
2018,New Zealand,8,7.324,1.268,1.601,0.876,0.669,0.389,0.365,4721443,East Asia & Pacific
2017,New Zealand,8,7.31400012969971,7.24848981752992,1.40570604801178,1.54819512367249,0.816759705543518,0.614062130451202,0.500005125999451,4670073,East Asia & Pacific
2019,Morocco,89,5.208,0.801,0.782,0.782,0.418,0.076,0.036,37888327,Middle East & North Africa
2017,Philippines,72,5.42999982833862,5.31466460242867,0.85769921541214,1.25391757488251,0.468009054660797,0.585214674472809,0.193513423204422,99766788,East Asia & Pacific
2018,United Kingdom,11,7.19,1.244,1.433,0.888,0.464,0.082,0.262,73917008,Europe & Central Asia
2017,Ethiopia,119,4.46000003814697,4.377271399647,0.339233845472336,0.86466920375824,0.353409707546234,0.408842742443085,0.312650740146637,78815294,Sub-Saharan Africa
2019,India,140,4.015,0.755,0.765,0.588,0.498,0.085,0.2,1260422331,South Asia
2015,Liberia,116,4.571,0.0712,0.78968,0.34201,0.28531,0.06232,0.24362,3236756,Sub-Saharan Africa
